Name,Math Marks,Physics Marks,Geography Marks,Average Marks,Percentage
anita,34,44,22,33.333333333333336,66.66666666666666
nifa,22,12,44,26.0,52.0
razaro,50,12,11,24.333333333333332,48.66666666666667
manzi,10,12,17,13.0,26.0
bizimana,33,44,50,42.333333333333336,84.66666666666667
